date,units
2011-09-01,112
2011-09-02,166
2011-09-03,0
2011-09-04,16
2011-09-05,95
2011-09-06,184
2011-09-07,16
2011-09-08,27
2011-09-09,29
2011-09-10,0
2011-09-11,89
2011-09-12,117
2011-09-13,131
2011-09-14,85
2011-09-15,144
2011-09-16,100
2011-09-17,0
2011-09-18,81
2011-09-19,42
2011-09-20,398
2011-09-21,11
2011-09-22,58
2011-09-23,127
2011-09-24,0
2011-09-25,69
2011-09-26,48
2011-09-27,17
2011-09-28,125
2011-09-29,80
2011-09-30,111
2011-10-01,0
2011-10-02,21
2011-10-03,23
2011-10-04,20
2011-10-05,49
2011-10-06,13
2011-10-07,34
2011-10-08,0
2011-10-09,26
2011-10-10,123
2011-10-11,46
2011-10-12,25
2011-10-13,243
2011-10-14,187
2011-10-15,0
2011-10-16,55
2011-10-17,69
2011-10-18,21
2011-10-19,39
2011-10-20,26
2011-10-21,13
2011-10-22,0
2011-10-23,63
2011-10-24,76
2011-10-25,16
2011-10-26,17
2011-10-27,117
2011-10-28,90
2011-10-29,0
2011-10-30,128
2011-10-31,149
2011-11-01,39
2011-11-02,80
2011-11-03,1265
2011-11-04,85
2011-11-05,0
2011-11-06,86
2011-11-07,95
2011-11-08,97
2011-11-09,113
2011-11-10,71
2011-11-11,134
2011-11-12,0
2011-11-13,65
2011-11-14,380
2011-11-15,457
2011-11-16,157
2011-11-17,102
2011-11-18,125
2011-11-19,0
2011-11-20,101
2011-11-21,36
2011-11-22,253
2011-11-23,248
2011-11-24,131
2011-11-25,222
2011-11-26,0
2011-11-27,8
2011-11-28,133
2011-11-29,116
2011-11-30,311
